Mes/Ano;Ferrovia;TU;TKU
01/2006;EFC;7989487;6640100190
01/2006;EFPO;146322;106105460
01/2006;EFVM;11049756;5989854973
01/2006;FCA;1392531;697446947
01/2006;FTC;190304;13337974
01/2006;FTL;151681;66509504
01/2006;MRS;7901499;3643052031
01/2006;RMN;170562;220583765
01/2006;RMO;215565;86280676
01/2006;RMP;357349;203073033
01/2006;RMS;1576437;1063105568
02/2006;EFC;6339323;5245464071
02/2006;EFPO;138305;91947346
02/2006;EFVM;9683084;5403998145
02/2006;FCA;1170254;615753368
02/2006;FTC;175265;12379525
02/2006;FTL;116728;47462791
02/2006;MRS;6748175;3190795739
02/2006;RMN;464558;617405152
02/2006;RMO;256591;120511809
02/2006;RMP;294054;152868763
02/2006;RMS;1899510;1206198777
03/2006;EFC;7459332;6155852629
03/2006;EFPO;94365;59190423
03/2006;EFVM;10646857;6022009341
03/2006;FCA;1231599;739931170
03/2006;FTC;233676;16492318
03/2006;FTL;133047;52593924
03/2006;MRS;7810227;3696301638
03/2006;RMN;651154;872994720
03/2006;RMO;290036;157945732
03/2006;RMP;243650;116913814
03/2006;RMS;2420845;1501725805
04/2006;EFC;7390272;6090195366
04/2006;EFPO;91799;60025926
04/2006;EFVM;10476638;5916805478
04/2006;FCA;1169387;772612289
04/2006;FTC;194699;13652716
04/2006;FTL;104971;43480223
04/2006;MRS;8005437;3791648515
04/2006;RMN;650187;870587116
04/2006;RMO;301706;133180651
04/2006;RMP;276767;131161365
04/2006;RMS;2203464;1441966935
05/2006;EFC;7635490;6315077102
05/2006;EFPO;113403;72695349
05/2006;EFVM;11465123;6430041588
05/2006;FCA;1288612;863113976
05/2006;FTC;258274;18118869
05/2006;FTL;113569;50879282
05/2006;MRS;8365835;3957890795
05/2006;RMN;353671;474594252
05/2006;RMO;321481;148651317
05/2006;RMP;465965;228835431
05/2006;RMS;2081390;1345949692
06/2006;EFC;7538755;6295974409
06/2006;EFPO;88270;58413426
06/2006;EFVM;11253890;6345588854
06/2006;FCA;1233433;764720033
06/2006;FTC;253665;18168811
06/2006;FTL;131354;53595375
06/2006;MRS;8501272;3976944553
06/2006;RMN;625759;838420375
06/2006;RMO;277201;124965089
06/2006;RMP;353243;190114479
06/2006;RMS;2677291;1700338614
07/2006;EFC;8081110;6714072413
07/2006;EFPO;115898;74193170
07/2006;EFVM;11878578;6637190774
07/2006;FCA;1446553;853891686
07/2006;FTC;255088;18349266
07/2006;FTL;132732;44849963
07/2006;MRS;9109687;4227747019
07/2006;RMN;542444;738407704
07/2006;RMO;283736;119867064
07/2006;RMP;358360;197920164
07/2006;RMS;2752440;1805493930
08/2006;EFC;8316765;6897421013
08/2006;EFPO;187552;125702883
08/2006;EFVM;11568474;6548651294
08/2006;FCA;1288176;793697077
08/2006;FTC;222946;15495025
08/2006;FTL;124541;62249154
08/2006;MRS;9461856;4406269314
08/2006;RMN;607358;817935781
08/2006;RMO;313178;121330735
08/2006;RMP;344518;180559458
08/2006;RMS;3157589;1938774169
09/2006;EFC;7968422;6619871904
09/2006;EFPO;158673;104950251
09/2006;EFVM;11235723;6299322381
09/2006;FCA;1236431;822288487
09/2006;FTC;192133;12921078
09/2006;FTL;123481;56223099
09/2006;MRS;9065766;4203142514
09/2006;RMN;582744;783150907
09/2006;RMO;272811;123827098
09/2006;RMP;340082;186507545
09/2006;RMS;3149442;1923994311
10/2006;EFC;8020823;6654481578
10/2006;EFPO;144126;97011225
10/2006;EFVM;11634708;6498092808
10/2006;FCA;1346591;810675874
10/2006;FTC;204961;13741495
10/2006;FTL;135068;65785989
10/2006;MRS;9349435;4356416459
10/2006;RMN;509141;677121683
10/2006;RMO;273143;109064951
10/2006;RMP;333998;184976459
10/2006;RMS;2945798;1862295671
11/2006;EFC;7981794;6596171147
11/2006;EFPO;128502;81580482
11/2006;EFVM;10251166;5672753463
11/2006;FCA;1237826;746248345
11/2006;FTC;219775;14803512
11/2006;FTL;131687;69776420
11/2006;MRS;8927486;4171094948
11/2006;RMN;265913;355744634
11/2006;RMO;288156;106068621
11/2006;RMP;375085;207659465
11/2006;RMS;2070163;1332339949
12/2006;EFC;7869802;6499752702
12/2006;EFPO;104082;73683774
12/2006;EFVM;10476396;5678077965
12/2006;FCA;1135134;652007436
12/2006;FTC;225919;15402295
12/2006;FTL;120188;64414929
12/2006;MRS;8751780;4051818900
12/2006;RMN;127969;179203788
12/2006;RMO;261189;80711049
12/2006;RMP;478029;251896956
12/2006;RMS;2007342;1300617139
01/2007;EFC;8508565;7029979094
01/2007;EFPO;46671;33942226
01/2007;EFVM;10267551;5634070826
01/2007;FCA;959227;586852505
01/2007;FTC;229954;16347020
01/2007;FTL;127164;74014302
01/2007;MRS;8358061;3801405646
01/2007;RMN;247208;332277390
01/2007;RMO;244743;78178175
01/2007;RMP;345796;189685125
01/2007;RMS;1639058;1048356404
02/2007;EFC;7536804;6298694058
02/2007;EFPO;82821;58462088
02/2007;EFVM;9632668;5328089854
02/2007;FCA;1253635;820367446
02/2007;FTC;197429;14228656
02/2007;FTL;112546;63616049
02/2007;MRS;7931966;3656333916
02/2007;RMN;417815;568816441
02/2007;RMO;245359;71904443
02/2007;RMP;161325;99968929
02/2007;RMS;1758369;1196020948
03/2007;EFC;7698149;6360130479
03/2007;EFPO;46043;26192824
03/2007;EFVM;11124229;6150583745
03/2007;FCA;1545496;1125585134
03/2007;FTC;227487;16674954
03/2007;FTL;157634;73792019
03/2007;MRS;9124359;4186760986
03/2007;RMN;596750;809042812
03/2007;RMO;200987;82182096
03/2007;RMP;142971;62934882
03/2007;RMS;2419675;1518275911
04/2007;EFC;7994557;6569989795
04/2007;EFPO;68661;51422266
04/2007;EFVM;11192414;6243334712
04/2007;FCA;1578011;1233313982
04/2007;FTC;205104;15258002
04/2007;FTL;154070;82234096
04/2007;MRS;8993322;4162211139
04/2007;RMN;657890;893106979
04/2007;RMO;211019;83123275
04/2007;RMP;173004;73653419
04/2007;RMS;2171822;1392960247
05/2007;EFC;8237141;6771020885
05/2007;EFPO;84704;61782865
05/2007;EFVM;11486203;6443610053
05/2007;FCA;1859907;1444298781
05/2007;FTC;213028;15438763
05/2007;FTL;175668;74247448
05/2007;MRS;9586309;4414574952
05/2007;RMN;563464;756102349
05/2007;RMO;241122;92701778
05/2007;RMP;262084;134690456
05/2007;RMS;2179698;1382675820
06/2007;EFC;8179721;6812795545
06/2007;EFPO;59184;43184509
06/2007;EFVM;11670586;6542345244
06/2007;FCA;1798349;1415291351
06/2007;FTC;186807;13531918
06/2007;FTL;143464;79265389
06/2007;MRS;9336761;4297953816
06/2007;RMN;675810;920321330
06/2007;RMO;270389;93324045
06/2007;RMP;288627;162840504
06/2007;RMS;2369154;1553188496
07/2007;EFC;8495335;7064730268
07/2007;EFPO;76197;57440732
07/2007;EFVM;11795457;6564981441
07/2007;FCA;1758036;1307828245
07/2007;FTC;213715;15423041
07/2007;FTL;143962;73960162
07/2007;MRS;10201063;4729543983
07/2007;RMN;720191;977418294
07/2007;RMO;235268;101389265
07/2007;RMP;273612;158876129
07/2007;RMS;2488694;1607326042
08/2007;EFC;9216529;7673899841
08/2007;EFPO;77738;59848530
08/2007;EFVM;12047954;6666924455
08/2007;FCA;1702520;1328431651
08/2007;FTC;199570;14533835
08/2007;FTL;168042;83041372
08/2007;MRS;10606789;4909502880
08/2007;RMN;727864;984816476
08/2007;RMO;228918;98120746
08/2007;RMP;300102;161158695
08/2007;RMS;2561273;1639346737
09/2007;EFC;8975047;7497763704
09/2007;EFPO;61689;47727021
09/2007;EFVM;11572704;6347386078
09/2007;FCA;1672449;1265029212
09/2007;FTC;215495;15252750
09/2007;FTL;147547;74389151
09/2007;MRS;9572199;4410401561
09/2007;RMN;750140;1016078097
09/2007;RMO;236052;92285489
09/2007;RMP;314499;173652379
09/2007;RMS;2577888;1697040751
10/2007;EFC;8161222;6771201999
10/2007;EFPO;71062;51462936
10/2007;EFVM;11855929;6519967207
10/2007;FCA;1869892;1461065959
10/2007;FTC;249912;17505355
10/2007;FTL;167742;104878560
10/2007;MRS;10478139;4829968676
10/2007;RMN;763037;1037861790
10/2007;RMO;243437;134278847
10/2007;RMP;390360;226788981
10/2007;RMS;2510567;1638181096
11/2007;EFC;7908357;6594374370
11/2007;EFPO;116093;74965433
11/2007;EFVM;11328483;6190963339
11/2007;FCA;1550508;1216025488
11/2007;FTC;247341;17631735
11/2007;FTL;151942;90483668
11/2007;MRS;9914877;4608846631
11/2007;RMN;470334;638030366
11/2007;RMO;184155;152514869
11/2007;RMP;448405;259868700
11/2007;RMS;2110181;1359600050
12/2007;EFC;9449544;7922437800
12/2007;EFPO;71539;53176991
12/2007;EFVM;12630293;6878912371
12/2007;FCA;1409080;1020479637
12/2007;FTC;248990;17610828
12/2007;FTL;164257;88729447
12/2007;MRS;9960165;4602215787
12/2007;RMN;337814;459650285
12/2007;RMO;148411;122818254
12/2007;RMP;372460;205050280
12/2007;RMS;1749388;1114505652
01/2008;EFC;9062760;7629483561
01/2008;EFPO;53933;43831618
01/2008;EFVM;11997280;6507748305
01/2008;FCA;1371961;896853304
01/2008;FNSTN;2501;1538115
01/2008;FTC;230356;16119475
01/2008;FTL;144890;73302744
01/2008;MRS;9137066;4232739679
01/2008;RMN;175383;232437300
01/2008;RMO;131656;97346814
01/2008;RMP;398043;206450039
01/2008;RMS;1855114;1182260772
02/2008;EFC;8773923;7362951304
02/2008;EFPO;80088;58115930
02/2008;EFVM;11010160;6036162148
02/2008;FCA;1389353;1030562487
02/2008;FNSTN;1000;615000
02/2008;FTC;215530;15114185
02/2008;FTL;119279;66952963
02/2008;MRS;8574825;3922827020
02/2008;RMN;532934;722915589
02/2008;RMO;237930;101892500
02/2008;RMP;249437;113834194
02/2008;RMS;1843988;1238626326
03/2008;EFC;7613145;6338955210
03/2008;EFPO;64348;42637400
03/2008;EFVM;11715107;6424643465
03/2008;FCA;1661336;1341048061
03/2008;FNSTN;105754;76283238
03/2008;FTC;240694;17057952
03/2008;FTL;144165;87699377
03/2008;MRS;10125141;4707412384
03/2008;RMN;861170;1190972026
03/2008;RMO;245131;100155951
03/2008;RMP;252678;167416419
03/2008;RMS;2411142;1612993474
04/2008;EFC;7110533;5950382410
04/2008;EFPO;73185;57283807
04/2008;EFVM;11429126;6260637892
04/2008;FCA;1602498;1308836452
04/2008;FNSTN;83209;60042171
04/2008;FTC;246260;17349497
04/2008;FTL;123562;62653797
04/2008;MRS;9977034;4625075715
04/2008;RMN;875541;1203835468
04/2008;RMO;272601;107676507
04/2008;RMP;266102;186610801
04/2008;RMS;2349071;1497334070
05/2008;EFC;8852596;7466767933
05/2008;EFPO;122252;84007572
05/2008;EFVM;12453383;6779253436
05/2008;FCA;1820491;1524409301
05/2008;FNSTN;221842;160391766
05/2008;FTC;253881;17686422
05/2008;FTL;134884;67140935
05/2008;MRS;10689081;5003850144
05/2008;RMN;814870;1125053730
05/2008;RMO;290530;109847169
05/2008;RMP;389325;240799334
05/2008;RMS;2338842;1453821988
06/2008;EFC;8977519;7545270966
06/2008;EFPO;78554;53019025
06/2008;EFVM;12085868;6600440564
06/2008;FCA;1662611;1368411870
06/2008;FNSTN;213966;154619982
06/2008;FTC;238084;16778576
06/2008;FTL;130173;69043636
06/2008;MRS;10505141;4920349903
06/2008;RMN;753090;1034805602
06/2008;RMO;281457;112008896
06/2008;RMP;456398;296768411
06/2008;RMS;2404936;1568846121
07/2008;EFC;9601259;8093757162
07/2008;EFPO;96708;75017830
07/2008;EFVM;12360492;6792213230
07/2008;FCA;1865102;1448800979
07/2008;FNSTN;164308;118549848
07/2008;FTC;275767;19442575
07/2008;FTL;141863;79681745
07/2008;MRS;10473672;4948376621
07/2008;RMN;755969;1034437584
07/2008;RMO;331828;129414313
07/2008;RMP;458242;302373445
07/2008;RMS;2529527;1649939079
08/2008;EFC;9345466;7889173273
08/2008;EFPO;92913;60741713
08/2008;EFVM;12171672;6659619684
08/2008;FCA;1839408;1390622840
08/2008;FNSTN;180783;130187493
08/2008;FTC;267974;18718295
08/2008;FTL;116194;70905662
08/2008;MRS;11651748;5456240230
08/2008;RMN;594810;810993572
08/2008;RMO;333115;121821365
08/2008;RMP;616305;367412471
08/2008;RMS;2347433;1550851091
09/2008;EFC;8793690;7472179198
09/2008;EFPO;67527;52223461
09/2008;EFVM;12728473;7042718668
09/2008;FCA;1696247;1230285323
09/2008;FNSTN;147904;106450968
09/2008;FTC;269876;18823791
09/2008;FTL;136723;82126483
09/2008;MRS;11054854;5175468420
09/2008;RMN;518398;714712542
09/2008;RMO;328458;124881957
09/2008;RMP;649244;343779716
09/2008;RMS;2413294;1505009640
10/2008;EFC;9336166;7895930661
10/2008;EFPO;89974;70404785
10/2008;EFVM;11985295;6555794219
10/2008;FCA;1569972;1202214641
10/2008;FNSTN;188704;135892128
10/2008;FTC;279634;19689034
10/2008;FTL;164087;99340236
10/2008;MRS;11274029;5241846349
10/2008;RMN;606902;830450140
10/2008;RMO;279362;122926621
10/2008;RMP;688927;382393823
10/2008;RMS;2366286;1531313702
11/2008;EFC;8476750;7216597233
11/2008;EFPO;83821;67859780
11/2008;EFVM;6787516;3597131434
11/2008;FCA;1451725;1164720835
11/2008;FNSTN;107573;77403435
11/2008;FTC;243645;17266536
11/2008;FTL;140259;83937646
11/2008;MRS;8463393;3929067988
11/2008;RMN;853844;1179067100
11/2008;RMO;279438;105334132
11/2008;RMP;401275;214150354
11/2008;RMS;2036626;1368122364
12/2008;EFC;7726492;6654478033
12/2008;EFPO;92543;82080891
12/2008;EFVM;6486866;3526142811
12/2008;FCA;1349558;1152912076
12/2008;FNSTN;6098;4287786
12/2008;FTC;276133;19276564
12/2008;FTL;146736;77169510
12/2008;MRS;7872869;3656620912
12/2008;RMN;889210;1217245986
12/2008;RMO;223875;111680937
12/2008;RMP;402941;232215607
12/2008;RMS;1866540;1219222831
01/2009;EFC;7804757;6785729589
01/2009;EFPO;79394;58018323
01/2009;EFVM;7539375;4242788411
01/2009;FCA;1393066;1067734566
01/2009;FTC;290598;20216844
01/2009;FTL;142639;74729297
01/2009;MRS;6753849;3122621847
01/2009;RMN;605821;833251852
01/2009;RMO;112101;63172816
01/2009;RMP;422589;229544142
01/2009;RMS;1757107;1201849405
02/2009;EFC;6846313;5957166071
02/2009;EFPO;120265;88948082
02/2009;EFVM;6790630;3813561044
02/2009;FCA;1278789;1091189973
02/2009;FTC;266962;18685280
02/2009;FTL;120923;47501319
02/2009;MRS;6463127;2985415224
02/2009;RMN;733947;1004955682
02/2009;RMO;176793;48721115
02/2009;RMP;261066;141395183
02/2009;RMS;1682847;1116555157
03/2009;EFC;7625982;6725076171
03/2009;EFPO;82199;64562195
03/2009;EFVM;7558601;4189244678
03/2009;FCA;1386629;1203351557
03/2009;FNSTN;169101;122260023
03/2009;FTC;297410;21081122
03/2009;FTL;117714;48203099
03/2009;MRS;8734261;4114204149
03/2009;RMN;937462;1301241425
03/2009;RMO;173015;55479331
03/2009;RMP;277956;148684602
03/2009;RMS;2364848;1469583918
04/2009;EFC;7549873;6645798594
04/2009;EFPO;50151;39331953
04/2009;EFVM;7101748;3927907344
04/2009;FCA;1427845;1271320427
04/2009;FNSTN;277329;200508867
04/2009;FTC;264960;19209180
04/2009;FTL;111309;46298265
04/2009;MRS;8761286;4128743507
04/2009;RMN;977068;1355882601
04/2009;RMO;167439;68560359
04/2009;RMP;265387;148572662
04/2009;RMS;2513992;1596018590
05/2009;EFC;6851933;6012499067
05/2009;EFPO;47343;31818672
05/2009;EFVM;8104006;4509795068
05/2009;FCA;1514764;1345615732
05/2009;FNSTN;253771;183476433
05/2009;FTC;254947;18414952
05/2009;FTL;82166;40864259
05/2009;MRS;7928201;3676043840
05/2009;RMN;928624;1284350443
05/2009;RMO;168123;83238690
05/2009;RMP;342350;205757042
05/2009;RMS;2722185;1745983520
06/2009;EFC;8469309;7461918891
06/2009;EFPO;44133;28104340
06/2009;EFVM;8597322;4744932367
06/2009;FCA;1574647;1322809621
06/2009;FNSTN;310206;224278938
06/2009;FTC;227417;16598904
06/2009;FTL;122433;68537452
06/2009;MRS;8750410;4072082168
06/2009;RMN;895174;1232614302
06/2009;RMO;256592;99273584
06/2009;RMP;396226;226732367
06/2009;RMS;2572849;1697775268
07/2009;EFC;8498001;7456018152
07/2009;EFPO;78957;43784773
07/2009;EFVM;9522799;5231484090
07/2009;FCA;1737519;1416060163
07/2009;FNSTN;306947;222298428
07/2009;FTC;228894;15371420
07/2009;FTL;118954;58511818
07/2009;MRS;9946277;4539890192
07/2009;RMN;873460;1199882850
07/2009;RMO;220259;120662740
07/2009;RMP;570824;425873498
07/2009;RMS;2505809;1657809024
08/2009;EFC;8532598;7453914153
08/2009;EFPO;49581;41816587
08/2009;EFVM;10465692;5897300193
08/2009;FCA;1570464;1294630226
08/2009;FNSTN;129940;93946620
08/2009;FTC;212345;14595855
08/2009;FTL;113471;54948538
08/2009;MRS;10380840;4769490670
08/2009;RMN;874085;1202682340
08/2009;RMO;235368;161599062
08/2009;RMP;476671;310838749
08/2009;RMS;2464801;1667206593
09/2009;EFC;8653325;7458649445
09/2009;EFPO;24062;20835722
09/2009;EFVM;10485269;5840058729
09/2009;FCA;1342267;1021386544
09/2009;FNSTN;49024;35434416
09/2009;FTC;190815;13459717
09/2009;FTL;106693;65805898
09/2009;MRS;11557877;5346270698
09/2009;RMN;994340;1374640552
09/2009;RMO;291292;156608375
09/2009;RMP;443398;279783336
09/2009;RMS;2098598;1467789187
10/2009;EFC;8163295;6996725228
10/2009;EFPO;11754;9751704
10/2009;EFVM;9027981;4966127117
10/2009;FCA;1559179;1256862065
10/2009;FNSTN;48474;31271506
10/2009;FTC;197926;13693998
10/2009;FTL;146304;83194578
10/2009;MRS;10749501;4977229471
10/2009;RMN;879538;1212428199
10/2009;RMO;299837;161476240
10/2009;RMP;573214;359503664
10/2009;RMS;1893322;1256823544
11/2009;EFC;8466607;7351470473
11/2009;EFPO;21049;15479514
11/2009;EFVM;8853089;4890977640
11/2009;FCA;1355954;992828371
11/2009;FNSTN;75361;36858691
11/2009;FTC;214952;15847838
11/2009;FTL;143182;73176164
11/2009;MRS;10584039;4948063953
11/2009;RMN;792096;1088091048
11/2009;RMO;313520;145049240
11/2009;RMP;419696;253659651
11/2009;RMS;1767516;1167185635
12/2009;EFC;8805119;7643338396
12/2009;EFPO;37609;26849950
12/2009;EFVM;10270859;5674423509
12/2009;FCA;1313654;914695951
12/2009;FNSTN;19136;4803136
12/2009;FTC;208478;15320077
12/2009;FTL;140808;68292359
12/2009;MRS;10344675;4762012830
12/2009;RMN;580098;796789965
12/2009;RMO;363966;148028615
12/2009;RMP;467215;288430992
12/2009;RMS;1729143;1150954628
01/2010;EFC;7906938;6818804328
01/2010;EFPO;37718;28981649
01/2010;EFVM;10137647;5668476333
01/2010;FCA;1422974;1002744199
01/2010;FNSTN;0;0
01/2010;FTC;198758;14559280
01/2010;FTL;136096;60665874
01/2010;MRS;8945328;4102161167
01/2010;RMN;595228;826419493
01/2010;RMO;336864;134813323
01/2010;RMP;429049;266266579
01/2010;RMS;1700748;1155147052
02/2010;EFC;7733954;6713556307
02/2010;EFPO;67284;36267879
02/2010;EFVM;9238833;5129044649
02/2010;FCA;1411643;1051854713
02/2010;FNSTN;22117;15990591
02/2010;FTC;190401;14369484
02/2010;FTL;126380;57319017
02/2010;MRS;9099446;4245656745
02/2010;RMN;844995;1180177142
02/2010;RMO;302301;133084870
02/2010;RMP;311751;200535426
02/2010;RMS;1737674;1161668426
03/2010;EFC;8185398;7055510931
03/2010;EFPO;48247;30495767
03/2010;EFVM;9150780;4794675265
03/2010;FCA;1736284;1366713297
03/2010;FNSTN;235133;170307761
03/2010;FTC;223936;16701115
03/2010;FTL;125183;63633993
03/2010;MRS;9773183;4526371629
03/2010;RMN;1001503;1403554766
03/2010;RMO;332940;166165636
03/2010;RMP;346458;203047785
03/2010;RMS;2134943;1419677094
04/2010;EFC;7034484;6042008016
04/2010;EFPO;26862;19662504
04/2010;EFVM;10434222;5821799654
04/2010;FCA;1791918;1333240538
04/2010;FNSTN;288085;215057177
04/2010;FTC;192958;14550247
04/2010;FTL;116665;56902324
04/2010;MRS;9999387;4714811687
04/2010;RMN;868391;1214523382
04/2010;RMO;357009;145194545
04/2010;RMP;564190;361211952
04/2010;RMS;2183487;1464434628
05/2010;EFC;7900127;6809261704
05/2010;EFPO;33495;22806362
05/2010;EFVM;11291454;6259197405
05/2010;FCA;2022362;1544754253
05/2010;FNSTN;251203;194034773
05/2010;FTC;204265;15584367
05/2010;FTL;135496;62137039
05/2010;MRS;10696602;5052028943
05/2010;RMN;775671;1076523587
05/2010;RMO;441648;156407911
05/2010;RMP;681486;384112246
05/2010;RMS;2378501;1574685141
06/2010;EFC;8376595;7251351885
06/2010;EFPO;62787;33257268
06/2010;EFVM;11087003;6221482189
06/2010;FCA;1866037;1397134609
06/2010;FNSTN;236240;184640154
06/2010;FTC;195831;14921855
06/2010;FTL;140535;60018525
06/2010;MRS;10517481;4939348578
06/2010;RMN;723202;1004030006
06/2010;RMO;416173;132513569
06/2010;RMP;688517;382110094
06/2010;RMS;2302076;1506080726
07/2010;EFC;8934071;7819289554
07/2010;EFPO;48887;21334678
07/2010;EFVM;12058011;6807888508
07/2010;FCA;2046865;1488587101
07/2010;FNSTN;261276;202843590
07/2010;FTC;210642;16088737
07/2010;FTL;129106;65554154
07/2010;MRS;10963774;5160321517
07/2010;RMN;907298;1265736115
07/2010;RMO;456762;164577359
07/2010;RMP;689144;424177500
07/2010;RMS;2454421;1667904481
08/2010;EFC;9410853;8234290639
08/2010;EFPO;48785;25010035
08/2010;EFVM;11971941;6717067260
08/2010;FCA;1925299;1359712985
08/2010;FNSTN;240229;191717909
08/2010;FTC;200079;15249671
08/2010;FTL;133072;67973939
08/2010;MRS;10519910;4897235149
08/2010;RMN;947713;1318983075
08/2010;RMO;414060;147966622
08/2010;RMP;658885;412081628
08/2010;RMS;2375214;1648380628
09/2010;EFC;9779748;8529389270
09/2010;EFPO;21213;16032325
09/2010;EFVM;11690784;6561161316
09/2010;FCA;1853262;1291827710
09/2010;FNSTN;183211;137095815
09/2010;FTC;273763;14921275
09/2010;FTL;113105;57305077
09/2010;MRS;11022994;5198424188
09/2010;RMN;949655;1320954283
09/2010;RMO;410195;148020497
09/2010;RMP;598957;349886746
09/2010;RMS;2336503;1575266901
10/2010;EFC;9792435;8556578350
10/2010;EFPO;22944;12095120
10/2010;EFVM;12244740;6898222735
10/2010;FCA;1797855;1244272763
10/2010;FNSTN;160558;114765819
10/2010;FTC;261632;15375970
10/2010;FTL;123685;58385031
10/2010;MRS;11522352;5416948434
10/2010;RMN;951821;1320382461
10/2010;RMO;403521;147388476
10/2010;RMP;653828;380325211
10/2010;RMS;2315550;1557922124
11/2010;EFC;9478953;8231897958
11/2010;EFPO;25713;12475899
11/2010;EFVM;11133974;6268934165
11/2010;FCA;1750557;1148372461
11/2010;FNSTN;99688;75946647
11/2010;FTC;240924;15596792
11/2010;FTL;127967;59628986
11/2010;MRS;10251871;4753769546
11/2010;RMN;1017792;1417397221
11/2010;RMO;331342;167910349
11/2010;RMP;575425;332437055
11/2010;RMS;2190633;1459817204
12/2010;EFC;10415422;8989712122
12/2010;EFPO;27558;14895866
12/2010;EFVM;11316059;6332313642
12/2010;FCA;1617319;1090415367
12/2010;FNSTN;34512;21660592
12/2010;FTC;243662;17079967
12/2010;FTL;121738;58783756
12/2010;MRS;9717512;4563590194
12/2010;RMN;915132;1269624385
12/2010;RMO;227045;138728759
12/2010;RMP;521017;307325676
12/2010;RMS;1865389;1282594508
01/2011;EFC;9656559;8374868864
01/2011;EFPO;50256;35751508
01/2011;EFVM;10294318;5709576136
01/2011;FCA;1258672;893021993
01/2011;FNSTN;27726;11694856
01/2011;FTC;243096;15610630
01/2011;FTL;111642;52582925
01/2011;MRS;9679973;4486621988
01/2011;RMN;605856;839841575
01/2011;RMO;227056;119041544
01/2011;RMP;551466;344544595
01/2011;RMS;1601965;1128768816
02/2011;EFC;7074327;6132383044
02/2011;EFPO;44517;32648112
02/2011;EFVM;9763901;5416773803
02/2011;FCA;1420342;1056233477
02/2011;FNSTN;83437;51847286
02/2011;FTC;234908;14081803
02/2011;FTL;106215;52229356
02/2011;MRS;10085934;4817430126
02/2011;RMN;694829;960320378
02/2011;RMO;202699;130605967
02/2011;RMP;412380;259483755
02/2011;RMS;1735363;1164399378
03/2011;EFC;8058830;6986511356
03/2011;EFPO;41408;19683881
03/2011;EFVM;10619110;5908293785
03/2011;FCA;1484176;1150690259
03/2011;FNSTN;276784;205293424
03/2011;FTC;263223;17592376
03/2011;FTL;98733;56029645
03/2011;MRS;10304599;4809182042
03/2011;RMN;1042154;1450601100
03/2011;RMO;178692;121811988
03/2011;RMP;364650;239786855
03/2011;RMS;2010567;1387879488
04/2011;EFC;9096433;7906403226
04/2011;EFPO;30730;15148190
04/2011;EFVM;10590467;5900513203
04/2011;FCA;1549365;1218608100
04/2011;FNSTN;291383;212349438
04/2011;FTC;169980;12856481
04/2011;FTL;97474;54282542
04/2011;MRS;10264255;4822431254
04/2011;RMN;953732;1323033769
04/2011;RMO;389686;128091163
04/2011;RMP;424185;260800413
04/2011;RMS;2266568;1480792098
05/2011;EFC;9181186;8016781859
05/2011;EFPO;40167;17601764
05/2011;EFVM;11303606;6306805589
05/2011;FCA;1722522;1295524457
05/2011;FNSTN;285617;217842411
05/2011;FTC;214558;15995418
05/2011;FTL;115091;53336507
05/2011;MRS;11146934;5259966196
05/2011;RMN;951432;1316612812
05/2011;RMO;418483;146653011
05/2011;RMP;689448;437497220
05/2011;RMS;2218242;1487467579
06/2011;EFC;8916917;7789534300
06/2011;EFPO;41128;16482084
06/2011;EFVM;11455857;6402165866
06/2011;FCA;1716254;1220591750
06/2011;FNSTN;307601;228169541
06/2011;FTC;198632;14655772
06/2011;FTL;129882;57672866
06/2011;MRS;10638589;5045292347
06/2011;RMN;867932;1201090985
06/2011;RMO;462988;167595045
06/2011;RMP;921641;570742930
06/2011;RMS;2422699;1670579358
07/2011;EFC;10531504;9195208615
07/2011;EFPO;31157;11248119
07/2011;EFVM;11496335;6511453911
07/2011;FCA;1479833;1044199704
07/2011;FNSTN;264094;195331136
07/2011;FTC;200329;14773928
07/2011;FTL;135092;63577110
07/2011;MRS;11850398;5647606928
07/2011;RMN;1160050;1607987493
07/2011;RMO;452085;142735488
07/2011;RMP;748857;462097770
07/2011;RMS;2402476;1657899498
08/2011;EFC;10708199;9317167220
08/2011;EFPO;10599;3684985
08/2011;EFVM;12151013;6827854657
08/2011;FCA;1427303;1218362494
08/2011;FNSTN;287017;210143999
08/2011;FTC;233459;17312610
08/2011;FTL;153929;69543479
08/2011;MRS;11647203;5545867994
08/2011;RMN;1244598;1719985490
08/2011;RMO;458111;148887620
08/2011;RMP;743173;451240649
08/2011;RMS;2518165;1731381195
09/2011;EFC;9409258;8121343873
09/2011;EFPO;14107;3886365
09/2011;EFVM;11997389;6709945549
09/2011;FCA;1870314;1388283499
09/2011;FNSTN;309743;243115789
09/2011;FTC;184965;13364555
09/2011;FTL;136186;64098852
09/2011;MRS;11578576;5494310424
09/2011;RMN;1022966;1411749676
09/2011;RMO;475048;161232555
09/2011;RMP;699627;441162494
09/2011;RMS;2809841;1773257809
10/2011;EFC;10333965;8957226822
10/2011;EFPO;21064;7259214
10/2011;EFVM;12177496;6930282669
10/2011;FCA;1813778;1255380595
10/2011;FNSTN;253205;185035699
10/2011;FTC;118749;8477503
10/2011;FTL;132686;59381680
10/2011;MRS;12355285;5859365394
10/2011;RMN;1182040;1630932832
10/2011;RMO;464826;164951886
10/2011;RMP;721223;449069554
10/2011;RMS;2456250;1667811317
11/2011;EFC;10015286;8695600334
11/2011;EFPO;31517;18599726
11/2011;EFVM;11374067;6454597394
11/2011;FCA;1686914;1199838883
11/2011;FNSTN;126805;97751341
11/2011;FTC;171690;12431440
11/2011;FTL;115902;53798086
11/2011;MRS;10632122;4987829595
11/2011;RMN;1103344;1524558536
11/2011;RMO;374191;154960191
11/2011;RMP;579800;361106087
11/2011;RMS;2365675;1588111356
12/2011;EFC;11560407;10073914006
12/2011;EFPO;43166;27439845
12/2011;EFVM;10238680;5752023504
12/2011;FCA;1528918;1007957451
12/2011;FNSTN;27355;15346155
12/2011;FTC;214378;15570562
12/2011;FTL;98170;44356563
12/2011;MRS;9824681;4583256464
12/2011;RMN;781576;1086651825
12/2011;RMO;316828;173738563
12/2011;RMP;633709;410929776
12/2011;RMS;2259438;1383039747
01/2012;EFC;9096165;7914998664
01/2012;EFPO;55990;41162072
01/2012;EFVM;8264921;4681553235
01/2012;FCA;1416063;876851774
01/2012;FNSTN;93468;54490647
01/2012;FTC;227434;16786995
01/2012;FTL;95748;56843887
01/2012;MRS;9213368;4345859167
01/2012;RMN;537551;747652858
01/2012;RMO;174416;160369043
01/2012;RMP;490147;312835910
01/2012;RMS;1603627;1067090084
02/2012;EFC;7792373;6795477239
02/2012;EFPO;33558;21029806
02/2012;EFVM;10387299;5931539432
02/2012;FCA;1664370;1176591966
02/2012;FNSTN;416835;332349009
02/2012;FTC;193133;14217014
02/2012;FTL;108848;58495578
02/2012;MRS;10706184;5089989035
02/2012;RMN;1085718;1506912470
02/2012;RMO;288040;142692032
02/2012;RMP;322940;257174573
02/2012;RMS;1621993;1091355796
03/2012;EFC;7636800;6674051430
03/2012;EFPO;33679;16510657
03/2012;EFVM;10411711;5915938999
03/2012;FCA;1644133;1201326029
03/2012;FNSTN;240348;194026135
03/2012;FTC;247106;17903973
03/2012;FTL;130801;62831080
03/2012;MRS;11297294;5377516741
03/2012;RMN;1238634;1717057805
03/2012;RMO;299309;161002263
03/2012;RMP;315498;225927299
03/2012;RMS;2048070;1347872728
04/2012;EFC;9509562;8298986461
04/2012;EFPO;28152;14561375
04/2012;EFVM;10624518;6078685948
04/2012;FCA;1829616;1337408173
04/2012;FNSTN;305470;240980213
04/2012;FTC;216889;15037120
04/2012;FTL;116260;58824192
04/2012;MRS;10852337;5154405344
04/2012;RMN;1295187;1794876199
04/2012;RMO;318957;138036111
04/2012;RMP;338666;240794969
04/2012;RMS;1986455;1270010562
05/2012;EFC;9677525;8464270814
05/2012;EFPO;22844;9281307
05/2012;EFVM;10706061;6148373529
05/2012;FCA;2022719;1443542873
05/2012;FNSTN;289933;228550869
05/2012;FTC;243905;16756836
05/2012;FTL;128913;75444968
05/2012;MRS;11435262;5478749881
05/2012;RMN;1213813;1682741972
05/2012;RMO;374685;155539334
05/2012;RMP;517673;397728225
05/2012;RMS;2203868;1457626323
06/2012;EFC;10022663;8774537179
06/2012;EFPO;11857;8712512
06/2012;EFVM;10467696;5997824749
06/2012;FCA;2004555;1402536289
06/2012;FNSTN;278959;215356275
06/2012;FTC;220670;16261565
06/2012;FTL;134369;72009430
06/2012;MRS;11393021;5470740873
06/2012;RMN;1013860;1398061114
06/2012;RMO;331525;111821995
06/2012;RMP;582083;413149645
06/2012;RMS;1994838;1337453148
07/2012;EFC;10089610;8854480823
07/2012;EFPO;16176;12885714
07/2012;EFVM;10740572;6171463327
07/2012;FCA;2130206;1528836651
07/2012;FNSTN;334694;262644073
07/2012;FTC;303795;15887399
07/2012;FTL;118772;56714390
07/2012;MRS;11714921;5605123212
07/2012;RMN;1264618;1760961024
07/2012;RMO;337002;124543090
07/2012;RMP;542587;416922657
07/2012;RMS;2213072;1486585277
08/2012;EFC;10813080;9603984838
08/2012;EFPO;12177;5543435
08/2012;EFVM;10844983;6260173427
08/2012;FCA;2200041;1589313765
08/2012;FNSTN;367419;291617565
08/2012;FTC;311700;16499241
08/2012;FTL;119322;61800305
08/2012;MRS;11941696;5666223380
08/2012;RMN;1259035;1766934994
08/2012;RMO;418893;135212744
08/2012;RMP;530161;415477080
08/2012;RMS;2315063;1578290865
09/2012;EFC;10527263;9312419695
09/2012;EFPO;22357;10755983
09/2012;EFVM;11062809;6392780813
09/2012;FCA;1945806;1452304022
09/2012;FNSTN;265568;210627403
09/2012;FTC;260579;14100487
09/2012;FTL;110055;52748130
09/2012;MRS;10362665;4861916962
09/2012;RMN;1305299;1827983299
09/2012;RMO;356562;141425458
09/2012;RMP;503750;386930284
09/2012;RMS;2160627;1468072567
10/2012;EFC;10377853;9147651661
10/2012;EFPO;29492;19748032
10/2012;EFVM;11630990;6650330537
10/2012;FCA;2050066;1503656936
10/2012;FNSTN;234947;189087237
10/2012;FTC;291413;15749777
10/2012;FTL;120559;52605116
10/2012;MRS;11973580;5701991596
10/2012;RMN;1302338;1831029363
10/2012;RMO;404192;144869518
10/2012;RMP;577945;439769566
10/2012;RMS;2181119;1493675048
11/2012;EFC;10182996;8952214099
11/2012;EFPO;15800;11609824
11/2012;EFVM;10647015;6095393901
11/2012;FCA;1731409;1262912299
11/2012;FNSTN;213276;172971441
11/2012;FTC;248601;16118210
11/2012;FTL;104047;46584269
11/2012;MRS;9570595;4516444011
11/2012;RMN;1241580;1742854155
11/2012;RMO;389576;140833986
11/2012;RMP;485094;341601260
11/2012;RMS;2106046;1474236393
12/2012;EFC;10702498;9364287204
12/2012;EFPO;24262;17827693
12/2012;EFVM;11479409;6542022748
12/2012;FCA;1832137;1337662008
12/2012;FNSTN;145724;118985061
12/2012;FTC;203017;15032157
12/2012;FTL;101505;47663630
12/2012;MRS;10943060;5176438308
12/2012;RMN;1194368;1673867026
12/2012;RMO;238452;146605552
12/2012;RMP;495639;379953958
12/2012;RMS;1757123;1224945074
01/2013;EFC;9722040;8540444662
01/2013;EFPO;27074;17539999
01/2013;EFVM;10063432;5787164198
01/2013;FCA;1754662;1223145418
01/2013;FNSTN;23856;17241848
01/2013;FTC;244111;18232918
01/2013;FTL;104943;45344211
01/2013;MRS;8178777;3813737121
01/2013;RMN;1039264;1445039278
01/2013;RMO;272807;115243736
01/2013;RMP;371465;281587534
01/2013;RMS;1822996;1258340662
02/2013;EFC;7931753;6966234971
02/2013;EFPO;44223;18705514
02/2013;EFVM;9122904;5246876241
02/2013;FCA;1692809;1255871690
02/2013;FNSTN;122015;96187193
02/2013;FTC;236256;17614216
02/2013;FTL;78307;36614498
02/2013;MRS;8477289;3959295199
02/2013;RMN;962897;1344560515
02/2013;RMO;258032;100387513
02/2013;RMP;327856;263664317
02/2013;RMS;1655453;1154496618
03/2013;EFC;8646482;7503180362
03/2013;EFPO;29223;16461825
03/2013;EFVM;9638526;5526418008
03/2013;FCA;2058319;1590860074
03/2013;FNSTN;349930;268959366
03/2013;FTC;234373;17235423
03/2013;FTL;104579;46223507
03/2013;MRS;10321365;4878291596
03/2013;RMN;1232423;1720857435
03/2013;RMO;327896;114684471
03/2013;RMP;343870;272783436
03/2013;RMS;1817727;1273687478
04/2013;EFC;7407722;6444932441
04/2013;EFPO;21926;9240450
04/2013;EFVM;10460916;6053798563
04/2013;FCA;2093898;1604193227
04/2013;FNSTN;383471;280606462
04/2013;FTC;262368;19436804
04/2013;FTL;96622;41505560
04/2013;MRS;10200725;4756236120
04/2013;RMN;1224721;1702836148
04/2013;RMO;360810;121860645
04/2013;RMP;293500;217933677
04/2013;RMS;1942732;1302778772
05/2013;EFC;8111176;7128632023
05/2013;EFPO;16612;6341343
05/2013;EFVM;10810425;6204778061
05/2013;FCA;2091594;1589128297
05/2013;FNSTN;360340;263461900
05/2013;FTC;247470;18450940
05/2013;FTL;95733;40644067
05/2013;MRS;11186818;5276301371
05/2013;RMN;1367825;1895230275
05/2013;RMO;399720;141195516
05/2013;RMP;407413;310679354
05/2013;RMS;2090062;1405784038
06/2013;EFC;9549261;8465577382
06/2013;EFPO;4942;1251220
06/2013;EFVM;10503758;6041025812
06/2013;FCA;2105448;1561094509
06/2013;FNSTN;356254;258820572
06/2013;FTC;246550;18280230
06/2013;FTL;94950;37972129
06/2013;MRS;11109459;5221787367
06/2013;RMN;1253293;1727602053
06/2013;RMO;377263;108756017
06/2013;RMP;465451;358545574
06/2013;RMS;1923294;1301095655
07/2013;EFC;8936581;7882054848
07/2013;EFPO;9051;2637056
07/2013;EFVM;11376170;6519785513
07/2013;FCA;2162468;1689100789
07/2013;FNSTN;364536;273348333
07/2013;FTC;279202;20799700
07/2013;FTL;111366;49188660
07/2013;MRS;11842113;5527738636
07/2013;RMN;1157670;1571916780
07/2013;RMO;411595;116806102
07/2013;RMP;550409;412320103
07/2013;RMS;1921327;1319397297
08/2013;EFC;11387284;10011701984
08/2013;EFPO;7583;3904282
08/2013;EFVM;11240416;6466529721
08/2013;FCA;2237454;1686867849
08/2013;FNSTN;388397;301453245
08/2013;FTC;296035;21759804
08/2013;FTL;111713;50126773
08/2013;MRS;11839995;5560885923
08/2013;RMN;1321281;1820421835
08/2013;RMO;499031;135237351
08/2013;RMP;606400;429844726
08/2013;RMS;2210383;1521744553
09/2013;EFC;10952499;9624249987
09/2013;EFPO;10484;5504940
09/2013;EFVM;11427783;6577393892
09/2013;FCA;2064540;1564180444
09/2013;FNSTN;378608;295120434
09/2013;FTC;280527;20361577
09/2013;FTL;108259;49892461
09/2013;MRS;12387851;5882606834
09/2013;RMN;1281772;1884847081
09/2013;RMO;460985;123119682
09/2013;RMP;500417;364013142
09/2013;RMS;2035369;1406576228
10/2013;EFC;10026809;8783978471
10/2013;EFPO;13399;8007158
10/2013;EFVM;11672120;6726368418
10/2013;FCA;2126590;1634982289
10/2013;FNSTN;219414;174825909
10/2013;FTC;334596;24481676
10/2013;FTL;113877;52494505
10/2013;MRS;12510613;5897412224
10/2013;RMN;1381431;2107586545
10/2013;RMO;497319;135343367
10/2013;RMP;480025;366390116
10/2013;RMS;2058631;1434917459
11/2013;EFC;10675061;9396970840
11/2013;EFPO;12583;4632646
11/2013;EFVM;11091172;6356667395
11/2013;FCA;1994662;1535862934
11/2013;FNSTN;141928;119312130
11/2013;FTC;311260;22647890
11/2013;FTL;92140;40897588
11/2013;MRS;11998158;5654691579
11/2013;RMN;1120253;1730633810
11/2013;RMO;404949;149674055
11/2013;RMP;442119;294463659
11/2013;RMS;1866094;1268093797
12/2013;EFC;11659288;10262542179
12/2013;EFPO;13279;4123383
12/2013;EFVM;7888337;4502358568
12/2013;FCA;1907697;1427428486
12/2013;FNSTN;126290;108067768
12/2013;FTC;267529;19518355
12/2013;FTL;99103;43621773
12/2013;MRS;10853152;5052742563
12/2013;RMN;1073429;1642537578
12/2013;RMO;354829;120279853
12/2013;RMP;546827;338287883
12/2013;RMS;1595659;1142369554
01/2014;EFC;10369308;9118866278
01/2014;EFPO;25944;11854273
01/2014;EFVM;10479347;6011811732
01/2014;FCA;1609422;1136894532
01/2014;FNSTN;27658;26340127
01/2014;FTC;281507;20677829
01/2014;FTL;100178;43787231
01/2014;MRS;10272647;4765057019
01/2014;RMN;649846;942508768
01/2014;RMO;353639;131583918
01/2014;RMP;573007;390954114
01/2014;RMS;1378422;1014634862
02/2014;EFC;7845514;6877383536
02/2014;EFPO;38325;12399485
02/2014;EFVM;8736155;4971370978
02/2014;FCA;1485242;1107485029
02/2014;FNSTN;210054;163738031
02/2014;FTC;284073;20816128
02/2014;FTL;87798;43846153
02/2014;MRS;9437451;4373789744
02/2014;RMN;1101983;1698679325
02/2014;RMO;398104;121803583
02/2014;RMP;382735;270993890
02/2014;RMS;1543132;1058249871
03/2014;EFC;9286669;8151425605
03/2014;EFPO;34964;10990432
03/2014;EFVM;10283731;5873846238
03/2014;FCA;1713305;1368255173
03/2014;FNSTN;408476;330507760
03/2014;FTC;293462;21767052
03/2014;FTL;85258;41642609
03/2014;MRS;11130447;5150240206
03/2014;RMN;1366718;2109188971
03/2014;RMO;468852;133351468
03/2014;RMP;463292;325767022
03/2014;RMS;1839359;1273097450
04/2014;EFC;8711706;7665794255
04/2014;EFPO;51482;24126450
04/2014;EFVM;9641474;5525973010
04/2014;FCA;2070751;1628143371
04/2014;FNSTN;446047;359014600
04/2014;FTC;318406;23847346
04/2014;FTL;103662;51349999
04/2014;MRS;10068954;4678752672
04/2014;RMN;1266080;1938582274
04/2014;RMO;430702;123885131
04/2014;RMP;415070;272161010
04/2014;RMS;1737652;1180959866
05/2014;EFC;10402368;9167565202
05/2014;EFPO;43804;18205288
05/2014;EFVM;11029493;6352911745
05/2014;FCA;2276178;1795421835
05/2014;FNSTN;394452;314943160
05/2014;FTC;351160;25962105
05/2014;FTL;101466;50069217
05/2014;MRS;12598874;5921861220
05/2014;RMN;1295710;1985161956
05/2014;RMO;425888;121848544
05/2014;RMP;492169;343001440
05/2014;RMS;1909004;1283463410
06/2014;EFC;9172352;8099703416
06/2014;EFPO;20782;8295438
06/2014;EFVM;10843678;6254476691
06/2014;FCA;2187437;1667418648
06/2014;FNSTN;407729;323969691
06/2014;FTC;317815;23536873
06/2014;FTL;109023;51786098
06/2014;MRS;12288978;5749528302
06/2014;RMN;1165909;1772043478
06/2014;RMO;445913;118694789
06/2014;RMP;483386;349399866
06/2014;RMS;1719601;1150212765
07/2014;EFC;9122984;8005643192
07/2014;EFPO;47426;20893195
07/2014;EFVM;10824037;6248852986
07/2014;FCA;2191798;1698861157
07/2014;FNSTN;454605;368146221
07/2014;FTC;324253;24191780
07/2014;FTL;117947;56301717
07/2014;MRS;12477654;5823690050
07/2014;RMN;1341803;2041152727
07/2014;RMO;535513;144653843
07/2014;RMP;524205;391858014
07/2014;RMS;1971583;1335868887
08/2014;EFC;9854378;8686662205
08/2014;EFPO;39769;17277129
08/2014;EFVM;10754874;6211468642
08/2014;FCA;1896887;1344364068
08/2014;FNSTN;454855;351252090
08/2014;FTC;347250;26305982
08/2014;FTL;119375;56720887
08/2014;MRS;12464826;5794756810
08/2014;RMN;1343437;2041253163
08/2014;RMO;534691;136705598
08/2014;RMP;494427;362017168
08/2014;RMS;1955578;1315560747
09/2014;EFC;8704017;7628456517
09/2014;EFPO;20979;9950018
09/2014;EFVM;11107386;6422959876
09/2014;FCA;2125664;1556824734
09/2014;FNSTN;386574;296512515
09/2014;FTC;349107;26203691
09/2014;FTL;115779;55298735
09/2014;MRS;11228101;5197081147
09/2014;RMN;1430759;2209308846
09/2014;RMO;508450;138438443
09/2014;RMP;421808;313609740
09/2014;RMS;2000974;1363969154
10/2014;EFC;11430072;10055091305
10/2014;EFPO;18932;9129822
10/2014;EFVM;11351641;6587743935
10/2014;FCA;2203158;1618828067
10/2014;FNSTN;424441;341794607
10/2014;FTC;353193;26738189
10/2014;FTL;97703;45478345
10/2014;MRS;12696850;5838415946
10/2014;RMN;1491178;2300403035
10/2014;RMO;497437;123364155
10/2014;RMP;396789;297054731
10/2014;RMS;1907624;1305809383
11/2014;EFC;11292626;9931517439
11/2014;EFPO;8960;5855841
11/2014;EFVM;10015885;5769951130
11/2014;FCA;2208799;1712435276
11/2014;FNSTN;395988;332324967
11/2014;FTC;343950;25962305
11/2014;FTL;84460;56175351
11/2014;MRS;11837963;5474218617
11/2014;RMN;1314711;2025084235
11/2014;RMO;508503;116302576
11/2014;RMP;363318;267870146
11/2014;RMS;1895081;1272257802
12/2014;EFC;12262352;10789157756
12/2014;EFPO;6300;2568889
12/2014;EFVM;11117181;6438227823
12/2014;FCA;2223557;1663941162
12/2014;FNSTN;358774;299415695
12/2014;FTC;290253;22124110
12/2014;FTL;95005;51511976
12/2014;MRS;12323976;5666142115
12/2014;RMN;1241561;1885039289
12/2014;RMO;492758;107237003
12/2014;RMP;429693;321014870
12/2014;RMS;1696082;1138271324
01/2015;EFC;10911109;9573833058
01/2015;EFPO;45217;23439147
01/2015;EFVM;10784718;6248465512
01/2015;FCA;1805488;1149986066
01/2015;FNSTN;155976;114171673
01/2015;FTC;266409;20321572
01/2015;FTL;86581;42543600
01/2015;MRS;11227884;5162441543
01/2015;RMN;817341;1219604121
01/2015;RMO;391038;94247629
01/2015;RMP;432365;321594174
01/2015;RMS;1462466;973610442
02/2015;EFC;8719767;7665561506
02/2015;EFPO;50920;18187588
02/2015;EFVM;9563790;5518985177
02/2015;FCA;1814545;1365379187
02/2015;FNSTN;246491;207219998
02/2015;FTC;285895;21962404
02/2015;FTL;73694;37886619
02/2015;MRS;10073415;4619303564
02/2015;RMN;974170;1489675569
02/2015;RMO;313959;93978356
02/2015;RMP;305657;231025384
02/2015;RMS;1419332;955375840
03/2015;EFC;9996237;8780284875
03/2015;EFPO;51278;21238237
03/2015;EFVM;10283697;5930022890
03/2015;FCA;2204295;1801150803
03/2015;FNSTN;511312;447730056
03/2015;FTC;257269;20029388
03/2015;FTL;94360;44076316
03/2015;MRS;11346671;5226699567
03/2015;RMN;1361844;2112004082
03/2015;RMO;493504;101130801
03/2015;RMP;351619;264962421
03/2015;RMS;1789542;1198348507
04/2015;EFC;10148522;8919777434
04/2015;EFPO;35810;11976058
04/2015;EFVM;10150140;5892442375
04/2015;FCA;2191767;1748508439
04/2015;FNSTN;576064;493293635
04/2015;FTC;296774;23113075
04/2015;FTL;91353;47000799
04/2015;MRS;11213789;5239053532
04/2015;RMN;1424090;2197323421
04/2015;RMO;506381;105387137
04/2015;RMP;298176;219485137
04/2015;RMS;1749668;1164022350
05/2015;EFC;10880677;9539665906
05/2015;EFPO;21838;9403984
05/2015;EFVM;11693627;6751859771
05/2015;FCA;2219313;1739584627
05/2015;FNSTN;628754;548561276
05/2015;FTC;308104;23961111
05/2015;FTL;110478;52244175
05/2015;MRS;11629840;5372606048
05/2015;RMN;1463331;2262834679
05/2015;RMO;530023;115557782
05/2015;RMP;448904;330856432
05/2015;RMS;1829868;1235787670
06/2015;EFC;11936347;10518519979
06/2015;EFPO;26494;7590631
06/2015;EFVM;11058134;6401926887
06/2015;FCA;2287167;1829374919
06/2015;FNSTN;583761;494871949
06/2015;FTC;300544;23339583
06/2015;FTL;102322;47363304
06/2015;MRS;11749634;5395112901
06/2015;RMN;1242174;1920186740
06/2015;RMO;404863;93670929
06/2015;RMP;424548;323117746
06/2015;RMS;1912866;1287656980
07/2015;EFC;11798961;10391397413
07/2015;EFPO;28047;8855676
07/2015;EFVM;12078257;7033676465
07/2015;FCA;2336198;1931364858
07/2015;FNSTN;544172;447792513
07/2015;FTC;307617;23798435
07/2015;FTL;113460;47908319
07/2015;MRS;11882159;5437888552
07/2015;RMN;1515728;2384051599
07/2015;RMO;395629;78708361
07/2015;RMP;389694;310671475
07/2015;RMS;1800307;1189602283
08/2015;EFC;10279458;9030533456
08/2015;EFPO;20476;8253938
08/2015;EFVM;11693588;6791639264
08/2015;FCA;2397486;2040330320
08/2015;FNSTN;476434;408537418
08/2015;FTC;300662;23200755
08/2015;FTL;116058;49969048
08/2015;MRS;11884262;5528242446
08/2015;RMN;1597944;2508115419
08/2015;RMO;438189;94515263
08/2015;RMP;437110;344576538
08/2015;RMS;2050271;1383442433
09/2015;EFC;11432058;10076891425
09/2015;EFPO;26410;7769584
09/2015;EFVM;11696763;6808242024
09/2015;FCA;2392819;1982282075
09/2015;FNSTN;524405;451515214
09/2015;FTC;300729;23375705
09/2015;FTL;119054;54333152
09/2015;MRS;11913569;5548445812
09/2015;RMN;1590860;2509641174
09/2015;RMO;319110;73553456
09/2015;RMP;421288;334707810
09/2015;RMS;1888194;1270622905
10/2015;EFC;12482387;11001091970
10/2015;EFPO;35424;9545956
10/2015;EFVM;11899224;6955696705
10/2015;FCA;2389413;1903054873
10/2015;FNSTN;518269;461274845
10/2015;FTC;286558;22271042
10/2015;FTL;118176;51748575
10/2015;MRS;13059955;6112025336
10/2015;RMN;1707830;2684548303
10/2015;RMO;307515;76484490
10/2015;RMP;443421;356370869
10/2015;RMS;1854306;1253754636
11/2015;EFC;11995344;10602120288
11/2015;EFPO;16427;3989397
11/2015;EFVM;10226303;5939289333
11/2015;FCA;2228934;1761272775
11/2015;FNSTN;491403;428954213
11/2015;FTC;295718;23085656
11/2015;FTL;92903;43027538
11/2015;MRS;11576181;5444332841
11/2015;RMN;1601434;2529112171
11/2015;RMO;216221;69643936
11/2015;RMP;402273;323361949
11/2015;RMS;1641191;1128307720
12/2015;EFC;14132275;12483922882
12/2015;EFPO;13045;3167634
12/2015;EFVM;11847316;6884673982
12/2015;FCA;2244224;1868939637
12/2015;FNSTN;342415;292889661
12/2015;FTC;320780;24660925
12/2015;FTL;101683;46222036
12/2015;MRS;12137832;5667989900
12/2015;RMN;1450558;2292976080
12/2015;RMO;243246;70023904
12/2015;RMP;378638;306384892
12/2015;RMS;1539780;1017550706
01/2016;EFC;12475570;11001073584
01/2016;EFPO;48107;11640170
01/2016;EFVM;9308258;5310281917
01/2016;FCA;1699888;1286635207
01/2016;FNSTN;240109;188874938
01/2016;FTC;270721;20831919
01/2016;FTL;104885;54639203
01/2016;MRS;10480013;4791134892
01/2016;RMN;1217365;1905855936
01/2016;RMO;251462;47552077
01/2016;RMP;294951;245775744
01/2016;RMS;1144671;735242184
02/2016;EFC;11894642;10493144611
02/2016;EFPO;64206;15447924
02/2016;EFVM;9500993;5469294655
02/2016;FCA;1900638;1530755991
02/2016;FNSTN;342910;293719869
02/2016;FTC;249168;19388947
02/2016;FTL;95867;47334921
02/2016;MRS;10355050;4768092476
02/2016;RMN;1287320;2026512054
02/2016;RMO;196831;51960940
02/2016;RMP;312548;258293333
02/2016;RMS;1321297;861006844
03/2016;EFC;12474033;11017211869
03/2016;EFPO;66852;19948718
03/2016;EFVM;9658684;5454508062
03/2016;FCA;2229352;1792217226
03/2016;FNSTN;748173;699839709
03/2016;FTC;249800;19594231
03/2016;FTL;113431;57235867
03/2016;MRS;12188738;5619374940
03/2016;RMN;1626952;2569877206
03/2016;RMO;253045;64051594
03/2016;RMP;296066;252514736
03/2016;RMS;1602838;1036132041
04/2016;EFC;12045380;10572357067
04/2016;EFPO;51713;15192946
04/2016;EFVM;10643477;6067105892
04/2016;FCA;2327164;1928556932
04/2016;FNSTN;681880;645797200
04/2016;FTC;245592;19104304
04/2016;FTL;99555;54112214
04/2016;MRS;12089161;5624700308
04/2016;RMN;1696301;2674123641
04/2016;RMO;266680;66406894
04/2016;RMP;275684;230850936
04/2016;RMS;1608431;1036012610
05/2016;EFC;12396456;10850867357
05/2016;EFPO;34635;10483742
05/2016;EFVM;11249808;6510677385
05/2016;FCA;2389059;1959361574
05/2016;FNSTN;760364;679581215
05/2016;FTC;243536;18734556
05/2016;FTL;112845;53707620
05/2016;MRS;12096235;5639103829
05/2016;RMN;1379134;2166238934
05/2016;RMO;331103;75654469
05/2016;RMP;484786;386793550
05/2016;RMS;1659280;1068496128
06/2016;EFC;11520392;10085296005
06/2016;EFPO;44794;13008267
06/2016;EFVM;10507106;6035816132
06/2016;FCA;2200368;1699095572
06/2016;FNSTN;584745;530031280
06/2016;FTC;239732;18488123
06/2016;FTL;111306;57382907
06/2016;MRS;11926786;5538948257
06/2016;RMN;926946;1409591376
06/2016;RMO;320989;68278458
06/2016;RMP;722783;525784850
06/2016;RMS;1687361;1092728260
07/2016;EFC;13406391;11734701018
07/2016;EFPO;48323;14288146
07/2016;EFVM;11793875;6835470729
07/2016;FCA;2252131;1674212540
07/2016;FNSTN;518571;470545947
07/2016;FTC;248478;19181634
07/2016;FTL;109936;54871556
07/2016;MRS;13167804;6163079691
07/2016;RMN;1508880;2373688399
07/2016;RMO;360541;84258585
07/2016;RMP;468412;374681418
07/2016;RMS;1760754;1151112891
08/2016;EFC;13532855;11852840593
08/2016;EFPO;27043;9707704
08/2016;EFVM;11879907;6876272375
08/2016;FCA;2394300;1868433015
08/2016;FNSTN;312406;275939960
08/2016;FTC;240062;18592068
08/2016;FTL;124252;58799101
08/2016;MRS;12697538;5950895031
08/2016;RMN;1559002;2391440791
08/2016;RMO;366380;77923984
08/2016;RMP;496107;403244311
08/2016;RMS;1845534;1212362262
09/2016;EFC;13911478;12180311771
09/2016;EFPO;15463;5515303
09/2016;EFVM;11269788;6513089428
09/2016;FCA;2224285;1599978607
09/2016;FNSTN;245445;199895840
09/2016;FTC;231458;17698800
09/2016;FTL;103096;48493797
09/2016;MRS;12115273;5651891655
09/2016;RMN;1448432;2216360151
09/2016;RMO;312793;70594973
09/2016;RMP;534704;429482517
09/2016;RMS;1669838;1082918101
10/2016;EFC;13269984;11627448265
10/2016;EFPO;9200;3187076
10/2016;EFVM;11909065;6894453454
10/2016;FCA;1968409;1311120692
10/2016;FNSTN;213469;171911637
10/2016;FTC;239186;18389845
10/2016;FTL;126135;58841143
10/2016;MRS;11947730;5548628363
10/2016;RMN;758640;1080190427
10/2016;RMO;295010;70880892
10/2016;RMP;848862;580016038
10/2016;RMS;1458057;928530315
11/2016;EFC;13765525;12072588208
11/2016;EFPO;15364;5571545
11/2016;EFVM;10587977;6119663717
11/2016;FCA;1902658;1354837442
11/2016;FNSTN;179686;141375458
11/2016;FTC;241939;18504101
11/2016;FTL;113348;56533262
11/2016;MRS;11116329;5160187156
11/2016;RMN;658982;958712685
11/2016;RMO;294157;68712279
11/2016;RMP;735605;486970314
11/2016;RMS;1298805;817567141
12/2016;EFC;14559593;12780373287
12/2016;EFPO;17276;7678739
12/2016;EFVM;11292057;6472205653
12/2016;FCA;1504438;1039923412
12/2016;FNSTN;203409;158631515
12/2016;FTC;198757;15251265
12/2016;FTL;105126;50393416
12/2016;MRS;11320533;5189634666
12/2016;RMN;838339;1225043490
12/2016;RMO;255757;50753503
12/2016;RMP;542909;381151521
12/2016;RMS;1287823;809291671
01/2017;EFC;14089142;12356748720
01/2017;EFPO;31087;14207518
01/2017;EFVM;11042296;6386484157
01/2017;FCA;1681272;1013989371
01/2017;FNSTN;211669;169180862
01/2017;FTC;232313;17721482
01/2017;FTL;106947;52245438
01/2017;MRS;10341846;4742671504
01/2017;RMN;859204;1324569333
01/2017;RMO;277069;39978460
01/2017;RMP;438020;358906157
01/2017;RMS;1078795;664217638
02/2017;EFC;11847411;10433946651
02/2017;EFPO;88446;31195748
02/2017;EFVM;10052104;5751163466
02/2017;FCA;2051277;1474994092
02/2017;FNSTN;434236;389674450
02/2017;FTC;225929;17308370
02/2017;FTL;88453;47718576
02/2017;MRS;10903896;5083811942
02/2017;RMN;1493877;2334142564
02/2017;RMO;275327;31950940
02/2017;RMP;258661;243872126
02/2017;RMS;1318347;831219222
03/2017;EFC;12951649;11445727790
03/2017;EFPO;66064;16587158
03/2017;EFVM;11093366;6277691032
03/2017;FCA;2736884;2027410262
03/2017;FNSTN;927005;885929149
03/2017;FTC;242334;18677122
03/2017;FTL;104364;50928478
03/2017;MRS;11995429;5571068216
03/2017;RMN;1771224;2773098406
03/2017;RMO;315493;69640726
03/2017;RMP;239063;221286951
03/2017;RMS;1675861;1079716964
04/2017;EFC;12482798;11060023995
04/2017;EFPO;36149;11982964
04/2017;EFVM;9567697;5361092391
04/2017;FCA;2747297;2052218052
04/2017;FNSTN;889254;854012076
04/2017;FTC;195321;14885783
04/2017;FTL;96152;46365525
04/2017;MRS;11216441;5218944960
04/2017;RMN;1657779;2590734459
04/2017;RMO;303820;67396728
04/2017;RMP;306950;243689062
04/2017;RMS;1708155;1065973655
05/2017;EFC;14014629;12447038412
05/2017;EFPO;36001;9771214
05/2017;EFVM;11170757;6335225742
05/2017;FCA;2923489;2116225844
05/2017;FNSTN;966615;872826854
05/2017;FTC;218316;16656290
05/2017;FTL;111386;55860601
05/2017;MRS;12454355;5770384002
05/2017;RMN;1618289;2503622058
05/2017;RMO;354206;80306004
05/2017;RMP;598502;433225220
05/2017;RMS;1898531;1203577552
06/2017;EFC;14793743;13138963025
06/2017;EFPO;22567;6849028
06/2017;EFVM;11430038;6515141280
06/2017;FCA;3089570;2357267036
06/2017;FNSTN;822071;737451282
06/2017;FTC;227540;17695166
06/2017;FTL;118397;56399644
06/2017;MRS;11761443;5502192737
06/2017;RMN;1629730;2519957059
06/2017;RMO;377061;79306679
06/2017;RMP;399334;334410403
06/2017;RMS;1834865;1158539252
07/2017;EFC;14942213;13285087525
07/2017;EFPO;27057;6700618
07/2017;EFVM;11225028;6314616115
07/2017;FCA;3554139;2426719981
07/2017;FNSTN;789399;732490008
07/2017;FTC;223031;17282702
07/2017;FTL;120763;62650581
07/2017;MRS;11191603;5270437249
07/2017;RMN;1853660;2882609495
07/2017;RMO;365435;81762680
07/2017;RMP;267734;255676020
07/2017;RMS;2127302;1352823948
08/2017;EFC;14613880;13005603517
08/2017;EFPO;13160;3166268
08/2017;EFVM;10700518;6010715186
08/2017;FCA;3245907;2313418100
08/2017;FNSTN;812343;770560645
08/2017;FTC;232513;17974490
08/2017;FTL;115869;52224852
08/2017;MRS;11878983;5584542605
08/2017;RMN;1956437;3063547028
08/2017;RMO;373679;91275464
08/2017;RMP;300860;273014429
08/2017;RMS;2172621;1391223298
09/2017;EFC;15108004;13421340696
09/2017;EFPO;19129;4857550
09/2017;EFVM;10937524;6164839144
09/2017;FCA;3972447;2897447241
09/2017;FNSTN;633797;607279408
09/2017;FTC;228013;17489738
09/2017;FTL;120269;53381370
09/2017;MRS;12077180;5699094180
09/2017;RMN;1807070;2831065632
09/2017;RMO;361898;84914007
09/2017;RMP;298288;268145422
09/2017;RMS;2161098;1386463476
10/2017;EFC;16590416;14776234983
10/2017;EFPO;27714;10586466
10/2017;EFVM;11541867;6487507115
10/2017;FCA;3094883;2209879107
10/2017;FNSTN;749198;698576578
10/2017;FTC;228585;17510420
10/2017;FTL;120589;60641755
10/2017;MRS;11941083;5595785576
10/2017;RMN;2039023;3152960933
10/2017;RMO;348524;77948994
10/2017;RMP;314085;280905196
10/2017;RMS;2005222;1272102767
11/2017;EFC;15983741;14203584717
11/2017;EFPO;54343;21958579
11/2017;EFVM;10826820;6119775451
11/2017;FCA;2676001;1879741548
11/2017;FNSTN;430066;386736151
11/2017;FTC;233263;17899155
11/2017;FTL;121139;55853576
11/2017;MRS;10878413;5049878820
11/2017;RMN;1909494;2945679008
11/2017;RMO;352152;76899538
11/2017;RMP;285134;244544057
11/2017;RMS;1759721;1119561362
12/2017;EFC;17914916;15963235742
12/2017;EFPO;44291;21498102
12/2017;EFVM;10319255;5793600210
12/2017;FCA;2412667;1660009872
12/2017;FNSTN;250485;210522287
12/2017;FTC;190807;14585254
12/2017;FTL;105795;51119938
12/2017;MRS;10485487;4820205443
12/2017;RMN;1791546;2740718424
12/2017;RMO;341471;76322853
12/2017;RMP;344858;286312009
12/2017;RMS;1613942;1030360764
01/2018;EFC;15835632;14173710961
01/2018;EFPO;56884;37796265
01/2018;EFVM;10498819;5944148248
01/2018;FCA;1927304;1111587328
01/2018;FNSTN;193660;165973421
01/2018;FTC;219351;16937508
01/2018;FTL;113500;54782454
01/2018;MRS;9895780;4597732860
01/2018;RMN;1135555;1699531568
01/2018;RMO;353048;80951096
01/2018;RMP;544556;383185016
01/2018;RMS;1329697;832311255
02/2018;EFC;11796542;10607273345
02/2018;EFPO;65043;30254334
02/2018;EFVM;8889643;5019644186
02/2018;FCA;2190257;1410038324
02/2018;FNSTN;331084;289182844
02/2018;FTC;222025;17219690
02/2018;FTL;84395;41536393
02/2018;MRS;9147075;4221440413
02/2018;RMN;1807234;2751135187
02/2018;RMO;329580;74214774
02/2018;RMP;335862;299101333
02/2018;RMS;1453687;917539619
03/2018;EFC;15631476;13978827639
03/2018;EFPO;72846;20555060
03/2018;EFVM;8298328;4598064080
03/2018;FCA;2895236;2150135688
03/2018;FNSTN;1115288;1072269017
03/2018;FTC;234520;18195560
03/2018;FTL;97002;50521869
03/2018;MRS;10756488;5002053293
03/2018;RMN;2100353;3196772336
03/2018;RMO;335692;65530419
03/2018;RMP;298238;266328944
03/2018;RMS;1865018;1186938587
04/2018;EFC;14651351;13126167968
04/2018;EFPO;41993;10103430
04/2018;EFVM;9824672;5398691084
04/2018;FCA;3000273;2206733318
04/2018;FNSTN;1081778;1050115638
04/2018;FTC;238805;18525269
04/2018;FTL;98645;49377866
04/2018;MRS;10568956;4916243549
04/2018;RMN;2013474;3065885178
04/2018;RMO;358746;63396748
04/2018;RMP;251355;218039167
04/2018;RMS;1897514;1217529508
05/2018;EFC;17089984;15320188152
05/2018;EFPO;30619;7366898
05/2018;EFVM;11050046;6153700289
05/2018;FCA;2781125;1898876298
05/2018;FNSTN;849206;815797106
05/2018;FTC;165969;12889282
05/2018;FTL;99234;48052127
05/2018;MRS;11605363;5419223682
05/2018;RMN;1601211;2408100627
05/2018;RMO;373865;52645921
05/2018;RMP;557367;444694919
05/2018;RMS;1937603;1230694322
06/2018;EFC;17958881;16152195061
06/2018;EFPO;20714;4983744
06/2018;EFVM;10607728;5978503101
06/2018;FCA;2836077;1998120082
06/2018;FNSTN;799456;739749043
06/2018;FTC;271218;20854983
06/2018;FTL;106110;50484658
06/2018;MRS;11812972;5547056558
06/2018;RMN;1930874;2871974565
06/2018;RMO;354957;78082152
06/2018;RMP;578429;488803877
06/2018;RMS;2053761;1305396984
07/2018;EFC;18242334;16379906028
07/2018;EFPO;36257;8723360
07/2018;EFVM;10869502;6103527264
07/2018;FCA;3025806;2097089183
07/2018;FNSTN;948869;808250800
07/2018;FTC;236724;18414503
07/2018;FTL;100097;58086958
07/2018;MRS;12295548;5760906093
07/2018;RMN;2187593;3348255483
07/2018;RMO;369685;80377584
07/2018;RMP;474425;510728983
07/2018;RMS;2118046;1348188940
08/2018;EFC;19602968;17629241640
08/2018;EFPO;20009;4814123
08/2018;EFVM;11366308;6409338888
08/2018;FCA;3717782;2789598275
08/2018;FNSTN;750333;718948504
08/2018;FTC;265539;20657775
08/2018;FTL;96187;53958147
08/2018;MRS;12103672;5695479869
08/2018;RMN;2323897;3553847281
08/2018;RMO;379244;84345946
08/2018;RMP;419107;478870402
08/2018;RMS;2209848;1419907421
09/2018;EFC;17915998;16097348269
09/2018;EFPO;6262;1506622
09/2018;EFVM;10527269;5949222612
09/2018;FCA;4639721;3186102811
09/2018;FNSTN;930743;932247703
09/2018;FTC;263336;20340833
09/2018;FTL;86429;48176986
09/2018;MRS;11805464;5505360891
09/2018;RMN;2248191;3428318069
09/2018;RMO;371580;75728854
09/2018;RMP;423160;423152864
09/2018;RMS;2048740;1341224691
10/2018;EFC;19369884;17387433164
10/2018;EFPO;46694;30257262
10/2018;EFVM;10476916;5861228625
10/2018;FCA;2766139;1947852810
10/2018;FNSTN;636668;628891553
10/2018;FTC;271007;20809232
10/2018;FTL;103106;60002129
10/2018;MRS;12749011;5982793319
10/2018;RMN;1974168;2980641292
10/2018;RMO;380828;77439974
10/2018;RMP;517632;493680384
10/2018;RMS;2066881;1343148715
11/2018;EFC;18346205;16518606142
11/2018;EFPO;41966;28187653
11/2018;EFVM;10340149;5842191963
11/2018;FCA;2561804;1806893145
11/2018;FNSTN;655377;631996780
11/2018;FTC;249084;19329400
11/2018;FTL;91358;46059929
11/2018;MRS;11724488;5483371298
11/2018;RMN;2281367;3497217198
11/2018;RMO;355114;71851775
11/2018;RMP;424495;448894329
11/2018;RMS;1850589;1187261219
12/2018;EFC;18965310;17004744508
12/2018;EFPO;29125;16926140
12/2018;EFVM;11522321;6493619065
12/2018;FCA;2618082;1945069507
12/2018;FNSTN;472984;445368859
12/2018;FTC;207309;15968991
12/2018;FTL;94786;49047240
12/2018;MRS;12145114;5632939337
12/2018;RMN;2061304;3117529288
12/2018;RMO;360368;74859990
12/2018;RMP;443575;524255497
12/2018;RMS;1686544;1060424362
01/2019;EFC;15837054;14262265894
01/2019;EFPO;75909;37955978
01/2019;EFVM;10321028;5850198448
01/2019;FCA;1768311;1029922763
01/2019;FNSTN;234246;204325414
01/2019;FTC;236757;18486345
01/2019;FTL;88788;47099254
01/2019;MRS;11559976;5302956494
01/2019;RMN;1746351;2629388533
01/2019;RMO;259105;72884527
01/2019;RMP;474636;489957868
01/2019;RMS;1421214;896922985
02/2019;EFC;14108753;12707568359
02/2019;EFPO;73857;25188293
02/2019;EFVM;7353074;4059048114
02/2019;FCA;4239932;3181353628
02/2019;FNSTN;750156;703063383
02/2019;FTC;241458;18925066
02/2019;FTL;97392;42023264
02/2019;MRS;8870776;4014490464
02/2019;RMN;1703026;2573933848
02/2019;RMO;181407;54551399
02/2019;RMP;275684;330157565
02/2019;RMS;1735458;1095174703
03/2019;EFC;10710738;9612526266
03/2019;EFPO;69650;22929866
03/2019;EFVM;7441073;4063961051
03/2019;FCA;2263271;1941322075
03/2019;FNSTN;1051683;1008141823
03/2019;FTC;243453;19021775
03/2019;FTL;87178;40033045
03/2019;MRS;8469149;3834271261
03/2019;RMN;2265470;3376834347
03/2019;RMO;230046;59570476
03/2019;RMP;417220;424319601
03/2019;RMS;1904441;1200361653
04/2019;EFC;8632996;7615183070
04/2019;EFPO;78201;33665519
04/2019;EFVM;6457289;3479300144
04/2019;FCA;2205117;1845080882
04/2019;FNSTN;860637;846285787
04/2019;FTC;260009;20239647
04/2019;FTL;213596;46915578
04/2019;MRS;7949400;3531603654
04/2019;RMN;1973841;2948207921
04/2019;RMO;298673;62412579
04/2019;RMP;564105;512786907
04/2019;RMS;1667312;1028148062
05/2019;EFC;16573665;15061665130
05/2019;EFPO;66425;29053226
05/2019;EFVM;6783551;3709945403
05/2019;FCA;2849484;2294093045
05/2019;FNSTN;898191;857644845
05/2019;FTC;247950;19596448
05/2019;FTL;171961;53814657
05/2019;MRS;9354267;4205278223
05/2019;RMN;1610354;2361629938
05/2019;RMO;301859;65742864
05/2019;RMP;620272;639681937
05/2019;RMS;1714681;1073261100
06/2019;EFC;18317153;16486014910
06/2019;EFPO;32786;15339977
06/2019;EFVM;7419953;4094803778
06/2019;FCA;2173854;1803205756
06/2019;FNSTN;912407;874749696
06/2019;FTC;248504;19156782
06/2019;FTL;143368;42442545
06/2019;MRS;9304987;4204748822
06/2019;RMN;2409668;3656174325
06/2019;RMO;356328;79512213
06/2019;RMP;480596;563796365
06/2019;RMS;1920917;1199846957
07/2019;EFC;19064303;17168713714
07/2019;EFPO;29442;19067464
07/2019;EFVM;7368192;4069938401
07/2019;FCA;2150410;1727125160
07/2019;FNSTN;821495;802044402
07/2019;FTC;251676;19648853
07/2019;FTL;177388;53589324
07/2019;MRS;9583584;4305746177
07/2019;RMN;2686391;4074480335
07/2019;RMO;402059;83297885
07/2019;RMP;522644;621031760
07/2019;RMS;2183971;1406991195
08/2019;EFPO;46431;26489453
08/2019;RMN;2513332;3793902763
08/2019;RMO;381722;78589255
08/2019;RMP;448564;530191489
08/2019;RMS;2204375;1418936184
